{
    "E0": [
        -112.69738295628171,
        -105.33664309021438,
        -98.22741542844638,
        -91.36988852682319,
        -84.76423822087276,
        -78.41076114948174,
        -72.30965735746358,
        -66.46113351894996,
        -60.86548137156342,
        -55.5227932475573,
        -50.43321122002541,
        -45.59656489625088,
        -41.012398020426964,
        -36.67982934152164,
        -32.59727951923281,
        -28.762076021399665,
        -25.170306904131515,
        -21.81634526269795,
        -18.69256866659299,
        -15.789167952611114,
        -13.094148716580227,
        -10.593549274891506,
        -8.271989652681228,
        -6.113156031836308,
        -4.100573289465262,
        -2.2181874330523397,
        -0.4509111263675618,
        1.215140007481715,
        2.7924115144179007,
        4.291890246353797,
        5.723156998219846,
        7.094495149007402,
        8.413025560561234,
        9.68486206690352,
        10.915239836063783,
        12.108630541973216,
        13.26889273124353,
        14.399308911758796,
        15.5027889786232,
        16.58180209760487,
        17.63847412498115,
        18.67470226108548,
        19.69211836744661,
        20.692188821422327,
        21.6762252485658,
        22.645333928248398,
        23.60054520770444,
        24.54273118594874,
        25.472759592503813,
        26.391354857281147,
        27.299143659015442,
        28.19673390735917,
        29.084739938123104,
        29.96359028332465,
        30.833764628980717,
        31.695708485551847,
        32.54977084396406,
        33.39632843477905,
        34.23569350557323,
        35.06819082764695,
        35.89409342241658
    ],
    "E1": [
        -27.266831076767122,
        -25.205617038685222,
        -23.200021318826987,
        -21.24111832582209,
        -19.327370548408375,
        -17.45799619049683,
        -15.631761082128998,
        -13.84745660990154,
        -12.104084671809538,
        -10.40024558702366,
        -8.734839430824,
        -7.106699699590023,
        -5.514550440651249,
        -3.9571580787791856,
        -2.4333585924081853,
        -0.9419010919136803,
        0.5182697620027091,
        1.9484609710803953,
        3.349757424398876,
        4.72327563945173,
        6.070156314051969,
        7.391473739414915,
        8.688296330126985,
        9.961643420603979,
        11.212521467208628,
        12.441890773887266,
        13.65068087890244,
        14.839774989896842,
        16.01002332211823,
        17.16223407872016,
        18.25503078663683,
        19.415584404501246,
        20.518150661637172,
        21.6055356641906,
        22.67836497213806,
        23.737232350883342,
        24.78270056261374,
        25.81530459356672,
        26.83554999409977,
        27.843919316237713,
        28.84086898935513,
        29.82683228818728,
        30.802222370387156,
        31.767430365019667,
        32.722830071873545,
        33.6687747087316,
        34.60559987350458,
        35.533627656742425,
        36.45316368973386,
        37.364499556108285,
        38.26791002098189,
        39.16365956260809,
        40.05200289371477,
        40.93317666736041,
        41.80741118885765,
        42.67492802107448,
        43.53593181936686,
        44.390623488627476,
        45.23919615861344,
        46.081829294941755,
        46.91869911900736
    ],
    "E2": [
        -22.398814089377318,
        -20.115283433817684,
        -17.85778238465891,
        -15.62428778180454,
        -13.412705072545124,
        -11.2209489269969,
        -9.046968337194372,
        -6.888828070556125,
        -4.744818783881794,
        -2.6135465804377724,
        -0.49416658085953696,
        1.6134913221643972,
        3.7086308343698136,
        5.789213178313892,
        7.851699017714011,
        9.890822212401694,
        11.89943594549393,
        13.868603589464566,
        15.787910505853503,
        17.646139649241032,
        19.432208193795464,
        21.1363242815692,
        22.75110396725988,
        24.272525964269395,
        25.70037768519533,
        27.038200761889193,
        28.292709279324967,
        29.472897573342006,
        30.58896708256579,
        31.651353109186203,
        32.63196079339929,
        33.65365070226306,
        34.610016714510614,
        35.54530361415239,
        36.464497190035594,
        37.371473563510285,
        38.26916557595361,
        39.15975761935601,
        40.04480198509877,
        40.925403582008386,
        41.802324362317876,
        42.67604387576495,
        43.54686788987438,
        44.41494673916191,
        45.280325573548325,
        46.14301823903731,
        47.002968768955114,
        47.86012926511968,
        48.71437957969439,
        49.56563534113882,
        50.413832720764404,
        51.25887993248242,
        52.10066202395183,
        52.939152757485566,
        53.77427801729241,
        54.60597576087139,
        55.43422751464847,
        56.25899047122085,
        57.08025558076809,
        57.897994344694474,
        58.71221001991096
    ],
    "beta": [
        -30.0,
        -29.0,
        -28.0,
        -27.0,
        -26.0,
        -25.0,
        -24.0,
        -23.0,
        -22.0,
        -21.0,
        -20.0,
        -19.0,
        -18.0,
        -17.0,
        -16.0,
        -15.0,
        -14.0,
        -13.0,
        -12.0,
        -11.0,
        -10.0,
        -9.0,
        -8.0,
        -7.0,
        -6.0,
        -5.0,
        -4.0,
        -3.0,
        -2.0,
        -1.0,
        0.0,
        1.0,
        2.0,
        3.0,
        4.0,
        5.0,
        6.0,
        7.0,
        8.0,
        9.0,
        10.0,
        11.0,
        12.0,
        13.0,
        14.0,
        15.0,
        16.0,
        17.0,
        18.0,
        19.0,
        20.0,
        21.0,
        22.0,
        23.0,
        24.0,
        25.0,
        26.0,
        27.0,
        28.0,
        29.0,
        30.0
    ],
    "varE0": [
        8.172719390131533e-09,
        6.41375663690269e-09,
        4.922185325995088e-09,
        3.738023224286735e-09,
        7.997186912689358e-09,
        5.727088137064129e-09,
        3.9599399315193295e-09,
        8.230927051045e-09,
        5.23186827194877e-09,
        1.0021722118835896e-08,
        5.812580639030784e-09,
        3.129571268800646e-09,
        4.998810254619457e-09,
        7.546532287960872e-09,
        3.0497631087200716e-09,
        3.799868864007294e-09,
        4.223238647682592e-09,
        4.227786121191457e-09,
        3.776847279368667e-09,
        2.9345130769797834e-09,
        2.04295247385744e-09,
        7.047631811474275e-09,
        4.37222524851677e-09,
        2.4597142100901692e-09,
        1.2525411818842258e-09,
        7.855239125831304e-09,
        4.461964603352797e-09,
        2.1840886876844934e-09,
        7.265787971277859e-10,
        6.177813816066191e-11,
        2.1529444893531036e-12,
        8.639489124107058e-11,
        1.6842136574268807e-09,
        3.844178309009294e-10,
        3.530630010573077e-09,
        3.3489016004750738e-09,
        7.336694807236199e-09,
        7.82287656875269e-09,
        5.379405365601997e-09,
        1.3340581972443033e-09,
        2.584499725344358e-09,
        5.625565790978726e-09,
        5.3887561080046e-11,
        6.129027951828903e-09,
        -9.208633855450898e-12,
        4.800995156983845e-10,
        8.971483111963607e-09,
        7.552216629846953e-10,
        8.134293238981627e-10,
        9.357449926028494e-09,
        3.2664502214174718e-09,
        9.074710760614835e-09,
        5.287574822432362e-10,
        6.313712219707668e-09,
        3.669356374302879e-09,
        3.0820501706330106e-10,
        1.1302745406283066e-09,
        8.584265742683783e-09,
        4.990397428628057e-09,
        9.370069165015593e-10,
        1.5977548173395917e-09
    ],